{"cameraMode":{"drawMode":0,"name":"Shaded","section":"Shading Mode"},"sceneLighting":true,"audioPlay":false,"sceneViewState":{"showFog":true,"showMaterialUpdate":false,"showSkybox":true,"showFlares":true,"showImageEffects":true,"showParticleSystems":true,"showVisualEffectGraphs":true,"m_FxEnabled":true},"in2DMode":false,"pivot":{"x":3.1154937744140627,"y":3.8489303588867189,"z":-1.3338546752929688},"rotation":{"x":0.33563509583473208,"y":0.36681830883026125,"z":-0.14387992024421693,"w":0.8556534647941589},"size":21.121585845947267,"orthographic":false}